model,role,selected,cv_roc_auc_mean,cv_roc_auc_std,cv_f1_mean,cv_f1_std,cv_recall_mean,cv_recall_std,cv_precision_mean,cv_precision_std,cv_accuracy_mean,cv_accuracy_std,test_accuracy,test_precision,test_recall,test_f1,test_roc_auc,test_true_negative,test_false_positive,test_false_negative,test_true_positive
Logistic Regression,candidate,True,0.845952,0.012354,0.628582,0.023248,0.801338,0.037933,0.51736,0.018826,0.748848,0.015231,0.737402,0.503436,0.783422,0.612971,0.841406,746,289,81,293
Random Forest,candidate,False,0.845446,0.009068,0.629612,0.014371,0.763211,0.024974,0.536017,0.012033,0.761805,0.008744,0.760823,0.533698,0.783422,0.634886,0.841711,779,256,81,293
Dummy (stratified) baseline,baseline,False,0.506517,0.017055,0.276206,0.024903,0.277592,0.025028,0.274834,0.024779,0.613949,0.013328,0.621718,0.289125,0.291444,0.29028,0.516253,767,268,265,109
