{
  "note": "Reference distribution profiled from the training split. No live data has been observed; this project cannot detect real drift because the dataset is a single cross-section with no time dimension.",
  "source": "training split",
  "rows": 5634,
  "psi_bands": {
    "warning": 0.1,
    "alert": 0.25,
    "note": "Credit-risk convention, not derived from this data."
  },
  "numeric": {
    "tenure": {
      "bin_edges": [
        -Infinity,
        2.0,
        6.0,
        12.0,
        20.0,
        29.0,
        40.0,
        50.0,
        61.0,
        69.0,
        Infinity
      ],
      "proportions": [
        0.0878594249201278,
        0.10418885339013134,
        0.09868654597089102,
        0.10738374156904508,
        0.09549165779197728,
        0.1050763223287185,
        0.09229676961306355,
        0.10827121050763223,
        0.09282925097621583,
        0.10791622293219737
      ],
      "mean": 32.48509052183174,
      "std": 24.56656301538815,
      "median": 29.0
    },
    "MonthlyCharges": {
      "bin_edges": [
        -Infinity,
        20.05,
        25.1,
        45.8,
        59.0,
        70.5,
        79.3,
        85.65500000000003,
        94.45,
        103.05,
        Infinity
      ],
      "proportions": [
        0.09211927582534611,
        0.10667376641817536,
        0.1009939652112176,
        0.09992900248491303,
        0.10010649627263046,
        0.09921902733404331,
        0.1009939652112176,
        0.0997515086971956,
        0.09992900248491303,
        0.10028399006034788
      ],
      "mean": 64.92996095136671,
      "std": 30.135430576006627,
      "median": 70.5
    },
    "TotalCharges": {
      "bin_edges": [
        -Infinity,
        84.775,
        270.8,
        560.7250000000001,
        943.1,
        1398.125,
        2088.8000000000025,
        3197.300000000001,
        4512.7,
        5998.475,
        Infinity
      ],
      "proportions": [
        0.10007109847138286,
        0.0998933522929257,
        0.10007109847138286,
        0.0998933522929257,
        0.10007109847138286,
        0.10007109847138286,
        0.0998933522929257,
        0.0998933522929257,
        0.10007109847138286,
        0.10007109847138286
      ],
      "mean": 2302.6042659082827,
      "std": 2278.9706094838803,
      "median": 1398.125
    }
  },
  "categorical": {
    "gender": {
      "categories": [
        "Male",
        "Female"
      ],
      "proportions": [
        0.5028399006034788,
        0.4971600993965211
      ],
      "counts": [
        2833,
        2801
      ]
    },
    "SeniorCitizen": {
      "categories": [
        "0",
        "1"
      ],
      "proportions": [
        0.8367057152999645,
        0.16329428470003549
      ],
      "counts": [
        4714,
        920
      ]
    },
    "Partner": {
      "categories": [
        "No",
        "Yes"
      ],
      "proportions": [
        0.5156194533191338,
        0.48438054668086616
      ],
      "counts": [
        2905,
        2729
      ]
    },
    "Dependents": {
      "categories": [
        "No",
        "Yes"
      ],
      "proportions": [
        0.7019879304224352,
        0.29801206957756476
      ],
      "counts": [
        3955,
        1679
      ]
    },
    "PhoneService": {
      "categories": [
        "Yes",
        "No"
      ],
      "proportions": [
        0.9007809726659567,
        0.09921902733404331
      ],
      "counts": [
        5075,
        559
      ]
    },
    "MultipleLines": {
      "categories": [
        "No",
        "Yes",
        "No phone service"
      ],
      "proportions": [
        0.47657082002129925,
        0.42421015264465745,
        0.09921902733404331
      ],
      "counts": [
        2685,
        2390,
        559
      ]
    },
    "InternetService": {
      "categories": [
        "Fiber optic",
        "DSL",
        "No"
      ],
      "proportions": [
        0.44071707490237844,
        0.3438054668086617,
        0.2154774582889599
      ],
      "counts": [
        2483,
        1937,
        1214
      ]
    },
    "OnlineSecurity": {
      "categories": [
        "No",
        "Yes",
        "No internet service"
      ],
      "proportions": [
        0.4964501242456514,
        0.2880724174653887,
        0.2154774582889599
      ],
      "counts": [
        2797,
        1623,
        1214
      ]
    },
    "OnlineBackup": {
      "categories": [
        "No",
        "Yes",
        "No internet service"
      ],
      "proportions": [
        0.4334398296059638,
        0.3510827121050763,
        0.2154774582889599
      ],
      "counts": [
        2442,
        1978,
        1214
      ]
    },
    "DeviceProtection": {
      "categories": [
        "No",
        "Yes",
        "No internet service"
      ],
      "proportions": [
        0.4387646432374867,
        0.3457578984735534,
        0.2154774582889599
      ],
      "counts": [
        2472,
        1948,
        1214
      ]
    },
    "TechSupport": {
      "categories": [
        "No",
        "Yes",
        "No internet service"
      ],
      "proportions": [
        0.49183528576499824,
        0.2926872559460419,
        0.2154774582889599
      ],
      "counts": [
        2771,
        1649,
        1214
      ]
    },
    "StreamingTV": {
      "categories": [
        "No",
        "Yes",
        "No internet service"
      ],
      "proportions": [
        0.3951011714589989,
        0.38942137025204115,
        0.2154774582889599
      ],
      "counts": [
        2226,
        2194,
        1214
      ]
    },
    "StreamingMovies": {
      "categories": [
        "No",
        "Yes",
        "No internet service"
      ],
      "proportions": [
        0.3935037273695421,
        0.39101881434149804,
        0.2154774582889599
      ],
      "counts": [
        2217,
        2203,
        1214
      ]
    },
    "Contract": {
      "categories": [
        "Month-to-month",
        "Two year",
        "One year"
      ],
      "proportions": [
        0.5505857294994675,
        0.24121405750798722,
        0.20820021299254526
      ],
      "counts": [
        3102,
        1359,
        1173
      ]
    },
    "PaperlessBilling": {
      "categories": [
        "Yes",
        "No"
      ],
      "proportions": [
        0.5912318068867589,
        0.40876819311324103
      ],
      "counts": [
        3331,
        2303
      ]
    },
    "PaymentMethod": {
      "categories": [
        "Electronic check",
        "Mailed check",
        "Bank transfer (automatic)",
        "Credit card (automatic)"
      ],
      "proportions": [
        0.33564075257365994,
        0.22825701100461485,
        0.2208022719204828,
        0.21529996450124245
      ],
      "counts": [
        1891,
        1286,
        1244,
        1213
      ]
    }
  },
  "prediction_scores": {
    "bin_edges": [
      0.0,
      0.05,
      0.1,
      0.15000000000000002,
      0.2,
      0.25,
      0.30000000000000004,
      0.35000000000000003,
      0.4,
      0.45,
      0.5,
      0.55,
      0.6000000000000001,
      0.65,
      0.7000000000000001,
      0.75,
      0.8,
      0.8500000000000001,
      0.9,
      0.9500000000000001,
      1.0
    ],
    "proportions": [
      0.1450124245651402,
      0.08271210507632233,
      0.06265530706425275,
      0.04934327298544551,
      0.042598509052183174,
      0.038693645722399715,
      0.040646077387291445,
      0.04969826056088037,
      0.0362087326943557,
      0.04313099041533546,
      0.03549875754348598,
      0.04348597799077032,
      0.037628682996095134,
      0.042243521476748314,
      0.042953496627618035,
      0.057685481008164716,
      0.06585019524316649,
      0.06496272630457935,
      0.018991835285764997,
      0.0
    ],
    "mean": 0.4137807260691754
  }
}
