{
  "Retained (0)": {
    "precision": 0.9020556227327691,
    "recall": 0.7207729468599033,
    "f1-score": 0.8012889366272825,
    "support": 1035.0
  },
  "Churn (1)": {
    "precision": 0.5034364261168385,
    "recall": 0.7834224598930482,
    "f1-score": 0.6129707112970711,
    "support": 374.0
  },
  "accuracy": 0.7374024130589071,
  "macro avg": {
    "precision": 0.7027460244248038,
    "recall": 0.7520977033764757,
    "f1-score": 0.7071298239621768,
    "support": 1409.0
  },
  "weighted avg": {
    "precision": 0.7962475464131396,
    "recall": 0.7374024130589071,
    "f1-score": 0.7513024098185537,
    "support": 1409.0
  }
}
