{
  "Retained (0)": {
    "precision": 0.9058139534883721,
    "recall": 0.7526570048309179,
    "f1-score": 0.8221635883905013,
    "support": 1035.0
  },
  "Churn (1)": {
    "precision": 0.5336976320582878,
    "recall": 0.7834224598930482,
    "f1-score": 0.6348862405200434,
    "support": 374.0
  },
  "accuracy": 0.7608232789212207,
  "macro avg": {
    "precision": 0.71975579277333,
    "recall": 0.768039732361983,
    "f1-score": 0.7285249144552723,
    "support": 1409.0
  },
  "weighted avg": {
    "precision": 0.8070407070619339,
    "recall": 0.7608232789212207,
    "f1-score": 0.7724533484305643,
    "support": 1409.0
  }
}
