{
  "Retained (0)": {
    "precision": 0.7432170542635659,
    "recall": 0.7410628019323672,
    "f1-score": 0.7421383647798742,
    "support": 1035.0
  },
  "Churn (1)": {
    "precision": 0.2891246684350133,
    "recall": 0.2914438502673797,
    "f1-score": 0.29027962716378164,
    "support": 374.0
  },
  "accuracy": 0.6217175301632364,
  "macro avg": {
    "precision": 0.5161708613492896,
    "recall": 0.5162533260998734,
    "f1-score": 0.5162089959718279,
    "support": 1409.0
  },
  "weighted avg": {
    "precision": 0.6226843698775626,
    "recall": 0.6217175301632364,
    "f1-score": 0.6221985721124372,
    "support": 1409.0
  }
}
